{
  "project_info": {
    "project_number": "969077638976",
    "firebase_url": "https://autoterminal-75788.firebaseio.com",
    "project_id": "autoterminal-75788",
    "storage_bucket": "autoterminal-75788.appspot.com"
  },
  "client": [
    {
      "client_info": {
        "mobilesdk_app_id": "1:969077638976:android:d427ccfd908d7d58",
        "android_client_info": {
          "package_name": "dreamteam.iam.cat.autoterminalemployee"
        }
      },
      "oauth_client": [
        {
          "client_id": "969077638976-a8la1rni20c2g7a231m74icltbbb8c7d.apps.googleusercontent.com",
          "client_type": 3
        }
      ],
      "api_key": [
        {
          "current_key": "AIzaSyDEQCqdH2WiIw1zdbUccWGVGSp0-4Sx5a0"
        }
      ],
      "services": {
        "appinvite_service": {
          "other_platform_oauth_client": [
            {
              "client_id": "969077638976-a8la1rni20c2g7a231m74icltbbb8c7d.apps.googleusercontent.com",
              "client_type": 3
            }
          ]
        }
      }
    }
  ],
  "configuration_version": "1"
}